{
    "initial_guess_lat": [
        [
            "up"
        ],
        [
            "empty"
        ],
        [
            "down"
        ],
        [
            "empty"
        ]
    ],
    "dmrg_params": {
        "mixer": null,
        "max_E_err": 1e-10,
        "trunc_params": {
            "chi_max": 100,
            "svd_min": 1e-10
        },
        "combine": true
    },
    "special_xxzmodel_params": {
        "shape": [
            4,
            4
        ],
        "V_coeff": 1,
        "V": 1,
        "t_coeff": 1,
        "t": 1,
        "mu": 1,
        "U": 1,
        "L": 8
    },
    "adiabatic_params": {
        "adiabatic_time": 16.0,
        "verbose": true,
        "tebd_params": {
            "N_steps": 1,
            "dt": 0.1,
            "order": 4,
            "trunc_params": {
                "chi_max": 100,
                "svd_min": 1e-12
            }
        }
    },
    "rodeo_params": {
        "resamples": 1,
        "r_value": 0,
        "r_superiteration": 20,
        "sigma": 8,
        "e_target": -81.30615008878445,
        "tebd_params": {
            "N_steps": 1,
            "dt": 0.1,
            "order": 4,
            "trunc_params": {
                "chi_max": 100,
                "svd_min": 1e-12
            }
        }
    },
    "verbose": true,
    "write_to_outfile": false,
    "outfile": "adiabatic_rodeo_results.csv",
    "saved_mps_bool": false,
    "save_mps_bool": false,
    "saved_mps_filename": "asdfQUARTER.pkl",
    "super_iterations": true,
    "use_dmrg_etarget": true
}